{"cameraMode":{"drawMode":0,"name":"Shaded","section":"Shading Mode"},"sceneLighting":false,"audioPlay":false,"sceneViewState":{"m_AlwaysRefresh":false,"showFog":true,"showSkybox":false,"showFlares":true,"showImageEffects":true,"showParticleSystems":true,"showVisualEffectGraphs":true,"m_FxEnabled":true},"in2DMode":false,"pivot":{"x":0.000008106231689453125,"y":0.83387291431427,"z":-0.006626203656196594},"rotation":{"x":-0.008866638876497746,"y":-0.9492204785346985,"z":0.022678082808852197,"w":-0.31434914469718935},"size":-0.45988041162490847,"orthographic":false}