{"cameraMode":{"drawMode":0,"name":"Shaded","section":"Shading Mode"},"sceneLighting":false,"audioPlay":false,"sceneViewState":{"m_AlwaysRefresh":false,"showFog":true,"showSkybox":false,"showFlares":true,"showImageEffects":true,"showParticleSystems":true,"showVisualEffectGraphs":true,"m_FxEnabled":true},"in2DMode":false,"pivot":{"x":12.021698951721192,"y":1.6582481861114503,"z":41.599998474121097},"rotation":{"x":-0.058965712785720828,"y":-0.9414753317832947,"z":0.20947690308094026,"w":-0.2584016025066376},"size":1.7427887916564942,"orthographic":false}