{"cameraMode":{"drawMode":0,"name":"Shaded","section":"Shading Mode"},"sceneLighting":false,"audioPlay":false,"sceneViewState":{"m_AlwaysRefresh":false,"showFog":true,"showSkybox":false,"showFlares":true,"showImageEffects":true,"showParticleSystems":true,"showVisualEffectGraphs":true,"m_FxEnabled":true},"in2DMode":false,"pivot":{"x":12.02977180480957,"y":1.8210088014602662,"z":36.030677795410159},"rotation":{"x":-0.009817609563469887,"y":0.9557452201843262,"z":-0.29441070556640627,"w":-0.032255079597234729},"size":2.2461812496185304,"orthographic":false}