{"cameraMode":{"drawMode":0,"name":"Shaded","section":"Shading Mode"},"sceneLighting":true,"audioPlay":false,"sceneViewState":{"m_AlwaysRefresh":false,"showFog":true,"showSkybox":true,"showFlares":true,"showImageEffects":true,"showParticleSystems":true,"showVisualEffectGraphs":true,"m_FxEnabled":true},"in2DMode":false,"pivot":{"x":16.404190063476564,"y":2.7725541591644289,"z":33.585731506347659},"rotation":{"x":0.03230191022157669,"y":0.9310806393623352,"z":-0.08421633392572403,"w":0.35377824306488039},"size":4.79587459564209,"orthographic":false}