{"cameraMode":{"drawMode":0,"name":"Shaded","section":"Shading Mode"},"sceneLighting":true,"audioPlay":false,"sceneViewState":{"m_AlwaysRefresh":false,"showFog":true,"showSkybox":true,"showFlares":true,"showImageEffects":true,"showParticleSystems":true,"showVisualEffectGraphs":true,"m_FxEnabled":true},"in2DMode":false,"pivot":{"x":10.881732940673829,"y":-0.4173164963722229,"z":41.19916534423828},"rotation":{"x":-0.058965712785720828,"y":-0.9414753317832947,"z":0.20947690308094026,"w":-0.2584016025066376},"size":5.0577216148376469,"orthographic":false}