{"cameraMode":{"drawMode":0,"name":"Shaded","section":"Shading Mode"},"sceneLighting":true,"audioPlay":false,"sceneViewState":{"m_AlwaysRefresh":false,"showFog":true,"showSkybox":true,"showFlares":true,"showImageEffects":true,"showParticleSystems":true,"showVisualEffectGraphs":true,"m_FxEnabled":true},"in2DMode":false,"pivot":{"x":20.866477966308595,"y":2.066880226135254,"z":0.5171100497245789},"rotation":{"x":0.11303055286407471,"y":0.6431926488876343,"z":-0.0960603728890419,"w":0.7518208026885986},"size":3.8949153423309328,"orthographic":false}