{"cameraMode":{"drawMode":0,"name":"Shaded","section":"Shading Mode"},"sceneLighting":true,"audioPlay":false,"sceneViewState":{"m_AlwaysRefresh":false,"showFog":true,"showSkybox":true,"showFlares":true,"showImageEffects":true,"showParticleSystems":true,"showVisualEffectGraphs":true,"m_FxEnabled":true},"in2DMode":false,"pivot":{"x":17.20042610168457,"y":-0.0965714231133461,"z":34.69676971435547},"rotation":{"x":0.27202191948890688,"y":-0.18313731253147126,"z":0.053139083087444308,"w":0.943314254283905},"size":6.769686222076416,"orthographic":false}