{"cameraMode":{"drawMode":0,"name":"Shaded","section":"Shading Mode"},"sceneLighting":true,"audioPlay":false,"sceneViewState":{"m_AlwaysRefresh":false,"showFog":true,"showSkybox":true,"showFlares":true,"showImageEffects":true,"showParticleSystems":true,"showVisualEffectGraphs":true,"m_FxEnabled":true},"in2DMode":false,"pivot":{"x":8.824009895324707,"y":-3.764248847961426,"z":33.998592376708987},"rotation":{"x":0.14651890099048615,"y":0.06625644117593765,"z":-0.01018037274479866,"w":0.9875393509864807},"size":18.687849044799806,"orthographic":false}