{"cameraMode":{"drawMode":0,"name":"Shaded","section":"Shading Mode"},"sceneLighting":true,"audioPlay":false,"sceneViewState":{"m_AlwaysRefresh":false,"showFog":true,"showSkybox":true,"showFlares":true,"showImageEffects":true,"showParticleSystems":true,"showVisualEffectGraphs":true,"m_FxEnabled":true},"in2DMode":false,"pivot":{"x":-3.9530906677246095,"y":0.9417095184326172,"z":52.37815475463867},"rotation":{"x":-0.062370482832193378,"y":0.16746367514133454,"z":-0.010615840554237366,"w":-0.9838480949401856},"size":23.20063591003418,"orthographic":false}