{"cameraMode":{"drawMode":0,"name":"Shaded","section":"Shading Mode"},"sceneLighting":true,"audioPlay":false,"sceneViewState":{"m_AlwaysRefresh":false,"showFog":true,"showSkybox":true,"showFlares":true,"showImageEffects":true,"showParticleSystems":true,"showVisualEffectGraphs":true,"m_FxEnabled":true},"in2DMode":false,"pivot":{"x":16.889999389648439,"y":2.7219839096069338,"z":31.618000030517579},"rotation":{"x":0.035725854337215427,"y":0.1849881112575531,"z":-0.006477920804172754,"w":0.9821755886077881},"size":4.832831859588623,"orthographic":false}