{"cameraMode":{"drawMode":0,"name":"Shaded","section":"Shading Mode"},"sceneLighting":true,"audioPlay":false,"sceneViewState":{"m_AlwaysRefresh":false,"showFog":true,"showSkybox":true,"showFlares":true,"showImageEffects":true,"showParticleSystems":true,"showVisualEffectGraphs":true,"m_FxEnabled":true},"in2DMode":false,"pivot":{"x":16.404190063476564,"y":2.7725541591644289,"z":33.585731506347659},"rotation":{"x":0.24194686114788056,"y":0.12209644168615341,"z":-0.030437616631388665,"w":0.9622026681900024},"size":5.395874977111816,"orthographic":false}