{"cameraMode":{"drawMode":0,"name":"Shaded","section":"Shading Mode"},"sceneLighting":true,"audioPlay":false,"sceneViewState":{"m_AlwaysRefresh":false,"showFog":true,"showSkybox":true,"showFlares":true,"showImageEffects":true,"showParticleSystems":true,"showVisualEffectGraphs":true,"m_FxEnabled":true},"in2DMode":false,"pivot":{"x":132.93653869628907,"y":-1.3679554462432862,"z":0.715238094329834},"rotation":{"x":0.20862455666065217,"y":-0.49949219822883608,"z":0.1264190971851349,"w":0.8317839503288269},"size":6.559424877166748,"orthographic":false}