{"cameraMode":{"drawMode":0,"name":"Shaded","section":"Shading Mode"},"sceneLighting":true,"audioPlay":false,"sceneViewState":{"m_AlwaysRefresh":false,"showFog":true,"showSkybox":true,"showFlares":true,"showImageEffects":true,"showParticleSystems":true,"showVisualEffectGraphs":true,"m_FxEnabled":true},"in2DMode":false,"pivot":{"x":13.999055862426758,"y":4.307051658630371,"z":15.456310272216797},"rotation":{"x":-0.13875144720077516,"y":0.2622528672218323,"z":-0.038158487528562549,"w":-0.9548447132110596},"size":0.7324292063713074,"orthographic":false}