{"cameraMode":{"drawMode":0,"name":"Shaded","section":"Shading Mode"},"sceneLighting":true,"audioPlay":false,"sceneViewState":{"m_AlwaysRefresh":false,"showFog":true,"showSkybox":true,"showFlares":true,"showImageEffects":true,"showParticleSystems":true,"showVisualEffectGraphs":true,"m_FxEnabled":true},"in2DMode":false,"pivot":{"x":3.770352840423584,"y":5.7534708976745609,"z":12.987449645996094},"rotation":{"x":0.05539559945464134,"y":-0.5958791971206665,"z":-0.04305170103907585,"w":-0.8002525568008423},"size":3.3752686977386476,"orthographic":false}