{"cameraMode":{"drawMode":0,"name":"Shaded","section":"Shading Mode"},"sceneLighting":true,"audioPlay":false,"sceneViewState":{"m_AlwaysRefresh":false,"showFog":true,"showSkybox":true,"showFlares":true,"showImageEffects":true,"showParticleSystems":true,"showVisualEffectGraphs":true,"m_FxEnabled":true},"in2DMode":false,"pivot":{"x":10.315956115722657,"y":1.4339452981948853,"z":40.42471694946289},"rotation":{"x":-0.055574119091033939,"y":-0.09168091416358948,"z":0.00487957987934351,"w":-0.9943243265151978},"size":4.973820209503174,"orthographic":false}