{"cameraMode":{"drawMode":0,"name":"Shaded","section":"Shading Mode"},"sceneLighting":true,"audioPlay":false,"sceneViewState":{"m_AlwaysRefresh":false,"showFog":true,"showSkybox":true,"showFlares":true,"showImageEffects":true,"showParticleSystems":true,"showVisualEffectGraphs":true,"m_FxEnabled":true},"in2DMode":false,"pivot":{"x":-2.648597240447998,"y":8.443803787231446,"z":19.69853973388672},"rotation":{"x":-0.004239917267113924,"y":0.23295475542545319,"z":-0.0029673511162400247,"w":-0.9728233814239502},"size":6.097121715545654,"orthographic":false}