{"cameraMode":{"drawMode":0,"name":"Shaded","section":"Shading Mode"},"sceneLighting":true,"audioPlay":false,"sceneViewState":{"m_AlwaysRefresh":false,"showFog":true,"showSkybox":true,"showFlares":true,"showImageEffects":true,"showParticleSystems":true,"showVisualEffectGraphs":true,"m_FxEnabled":true},"in2DMode":false,"pivot":{"x":97.38267517089844,"y":-54.521121978759769,"z":24.356788635253908},"rotation":{"x":0.19412720203399659,"y":0.7230136394500732,"z":-0.22147494554519654,"w":0.6255601644515991},"size":74.38416290283203,"orthographic":false}