{"cameraMode":{"drawMode":0,"name":"Shaded","section":"Shading Mode"},"sceneLighting":true,"audioPlay":false,"sceneViewState":{"m_AlwaysRefresh":false,"showFog":true,"showSkybox":true,"showFlares":true,"showImageEffects":true,"showParticleSystems":true,"showVisualEffectGraphs":true,"m_FxEnabled":true},"in2DMode":false,"pivot":{"x":-46.463172912597659,"y":12.105131149291993,"z":38.98054122924805},"rotation":{"x":-0.062370482832193378,"y":0.16746367514133454,"z":-0.010615840554237366,"w":-0.9838480949401856},"size":55.244956970214847,"orthographic":false}