{"cameraMode":{"drawMode":0,"name":"Shaded","section":"Shading Mode"},"sceneLighting":false,"audioPlay":false,"sceneViewState":{"m_AlwaysRefresh":false,"showFog":false,"showSkybox":false,"showFlares":false,"showImageEffects":false,"showParticleSystems":false,"showVisualEffectGraphs":true,"m_FxEnabled":true},"in2DMode":false,"pivot":{"x":0.03959614038467407,"y":0.8209863305091858,"z":0.03547617793083191},"rotation":{"x":0.005261822137981653,"y":0.9927958250045776,"z":-0.1169600784778595,"w":0.03351917490363121},"size":1.1358848810195923,"orthographic":false}