{"cameraMode":{"drawMode":0,"name":"Shaded","section":"Shading Mode"},"sceneLighting":false,"audioPlay":false,"sceneViewState":{"m_AlwaysRefresh":false,"showFog":true,"showSkybox":false,"showFlares":true,"showImageEffects":true,"showParticleSystems":true,"showVisualEffectGraphs":true,"m_FxEnabled":true},"in2DMode":false,"pivot":{"x":2.8060359954833986,"y":1.1751505136489869,"z":10.861688613891602},"rotation":{"x":0.1808180809020996,"y":-0.5786734819412231,"z":0.13373129069805146,"w":0.7840836048126221},"size":3.5834972858428957,"orthographic":false}